,year,iso_a3,Year,local_price,dollar_ex,dollar_price,big_mac_index,GDP per capita,Curr Acc Balance,Country Code,GGB,labor comp per capita
0,2000,AUS,2000,2.59,1.68,1.5416666666666667,-0.38579017264276216,26343.0767,26343.0767,AUS,-1.29277943331186,0.6065460443496704
1,2000,BRA,2000,2.95,1.79,1.6480446927374302,-0.34340848894923093,9060.788667,9060.788667,BRA,-4.85425593797439,0.537806510925293
2,2000,CAN,2000,2.85,1.47,1.9387755102040818,-0.22757947800634182,29362.08416,29362.08416,CAN,2.63970396113812,0.6538953185081482
3,2000,CHE,2000,5.9,1.7,3.4705882352941178,0.382704476212796,36772.69462,36772.69462,CHE,0.281337704716356,0.6721661686897278
4,2000,CHL,2000,1260.0,514.0,2.4513618677042803,-0.023361805695505722,9538.075278,9538.075278,CHL,,0.49851754307746887
5,2000,CHN,2000,9.9,8.28,1.1956521739130437,-0.523644552225879,2920.560791,2920.560791,CHN,-7.96311812612871,0.5919618010520935
6,2000,CZE,2000,54.37,39.1,1.3905370843989768,-0.44600116159403314,16235.48063,16235.48063,CZE,-3.57563564178522,0.5148730874061584
7,2000,DNK,2000,24.75,8.04,3.0783582089552244,0.22643753344829665,28658.12496,28658.12496,DNK,1.887315011175,0.6221997141838074
8,2000,EUZ,2000,2.56,1.075268817,2.380800000452352,-0.051474103405437344,25314.40936,25314.40936,EUZ,-1.26996248375336,0.5695365102667558
9,2000,GBR,2000,1.9,0.632911392,3.00200000192128,0.1960159370204304,26472.19371,26472.19371,GBR,1.35275375512062,0.5884050130844116
10,2000,HUN,2000,339.0,279.0,1.2150537634408602,-0.5159148352825258,11853.17852,11853.17852,HUN,-3.04138710956697,0.6082942485809326
11,2000,IDN,2000,14500.0,7945.0,1.8250471994965387,-0.27288956195357017,4743.944717,4743.944717,IDN,,0.44481533765792847
12,2000,JPN,2000,294.0,106.0,2.7735849056603774,0.10501390663760057,27287.27019,27287.27019,JPN,,0.5819888114929199
13,2000,KOR,2000,3000.0,1108.0,2.707581227436823,0.07871762049275821,18538.83553,18538.83553,KOR,4.16660016721033,0.506752073764801
14,2000,MEX,2000,20.9,9.41,2.221041445270988,-0.11512293017092101,11089.48999,11089.48999,MEX,,0.3972209393978119
15,2000,NZL,2000,3.4,2.01,1.691542288557214,-0.32607876949911785,21513.70277,21513.70277,NZL,1.62367843523394,0.5398242473602295
16,2000,POL,2000,5.5,4.3,1.2790697674418605,-0.4904104512183822,10672.12109,10672.12109,POL,-3.9943458969676,0.6259515881538391
17,2000,RUS,2000,39.5,28.5,1.3859649122807018,-0.4478227441112741,6825.391511,6825.391511,RUS,,0.5192491412162781
18,2000,SWE,2000,24.0,8.84,2.7149321266968327,0.0816462656162682,29618.27926,29618.27926,SWE,3.13638970313739,0.5215964913368225
19,2000,USA,2000,2.51,1.0,2.51,0.0,36334.90878,36334.90878,USA,0.335568442813897,0.6370731592178345
20,2000,ZAF,2000,9.0,6.72,1.3392857142857144,-0.4664200341491177,8498.518594,8498.518594,ZAF,-3.26294165634603,0.5610615015029907
21,2001,AUS,2001,3.0,1.98,1.5151515151515151,-0.40348365545215936,27439.82779,27439.82779,AUS,-0.74340340321793,0.6081547141075134
22,2001,BRA,2001,3.6,2.19,1.6438356164383563,-0.3528206234494661,9260.768381,9260.768381,BRA,-6.5223365108252,0.5451472401618958
23,2001,CAN,2001,3.33,1.56,2.1346153846153846,-0.15960024227740766,30230.80297,30230.80297,CAN,0.529468967089921,0.6573811769485474
24,2001,CHE,2001,6.3,1.73,3.6416184971098264,0.433708069728278,37896.69696,37896.69696,CHE,0.207109829019697,0.691474199295044
25,2001,CHL,2001,1260.0,601.0,2.0965058236272878,-0.17460400644594976,9962.27425,9962.27425,CHL,,0.4945792555809021
26,2001,CHN,2001,9.9,8.28,1.1956521739130437,-0.5292707976720301,3210.009396,3210.009396,CHN,-6.49210915083558,0.5880331993103027
27,2001,CZE,2001,56.0,39.0,1.435897435897436,-0.4346860488592772,17621.05413,17621.05413,CZE,-5.75954800192003,0.5111325979232788
28,2001,DNK,2001,24.75,8.46,2.9255319148936167,0.15178421846205392,29437.31034,29437.31034,DNK,1.14055420849418,0.6364558935165405
29,2001,EUZ,2001,2.57,1.136363636,2.261600000723712,-0.10960629892767249,26494.36991,26494.36991,EUZ,-1.9531506287795,0.5668730029934331
30,2001,GBR,2001,1.99,0.699300699,2.845700001223651,0.12035433119041361,27807.16932,27807.16932,GBR,0.216195295541333,0.6008405685424805
31,2001,HUN,2001,399.0,303.0,1.316831683168317,-0.4815623294612925,13207.92217,13207.92217,HUN,-3.99940254696825,0.6072734594345093
32,2001,IDN,2001,14700.0,10855.0,1.3542146476278212,-0.4668446269181806,4956.361105,4956.361105,IDN,,0.4454861879348755
33,2001,JPN,2001,294.0,124.0,2.370967741935484,-0.06654813309626617,27942.34665,27942.34665,JPN,,0.5821548104286194
34,2001,KOR,2001,3000.0,1325.0,2.2641509433962264,-0.10860199078888733,19724.42595,19724.42595,KOR,2.90715428233916,0.5106097459793091
35,2001,MEX,2001,21.9,9.29,2.357373519913886,-0.07190018901028106,11136.02191,11136.02191,MEX,,0.41174426674842834
36,2001,NZL,2001,3.6,2.47,1.45748987854251,-0.4261850871879882,22508.93671,22508.93671,NZL,1.30228727702157,0.5411621928215027
37,2001,POL,2001,5.9,4.03,1.4640198511166254,-0.4236142318438483,11119.71515,11119.71515,POL,-4.74135945584916,0.6475979685783386
38,2001,RUS,2001,35.0,28.9,1.2110726643598617,-0.5231997384409993,7361.363679,7361.363679,RUS,,0.5192491412162781
39,2001,SWE,2001,24.0,10.28,2.3346303501945527,-0.0808541928367903,29927.59927,29927.59927,SWE,1.40646099760717,0.5378326177597046
40,2001,USA,2001,2.54,1.0,2.54,0.0,37133.24281,37133.24281,USA,-1.84742375421343,0.6403365731239319
41,2001,ZAF,2001,9.7,8.13,1.193111931119311,-0.5302708932601138,8801.288929,8801.288929,ZAF,-2.02687201761899,0.5454134941101074
42,2002,AUS,2002,3.0,1.86,1.6129032258064515,-0.35224770047933684,28768.72863,28768.72863,AUS,0.706782470000374,0.6008172631263733
43,2002,BRA,2002,3.6,2.34,1.5384615384615385,-0.38214396045721344,9568.066027,9568.066027,BRA,-6.14244913982525,0.5330697894096375
44,2002,CAN,2002,3.33,1.57,2.1210191082802545,-0.1481850970762031,30963.053,30963.053,CAN,-0.233895789038062,0.6574026346206665
45,2002,CHE,2002,6.3,1.66,3.7951807228915664,0.5241689650166932,38814.37174,38814.37174,CHE,-1.74204466384583,0.7099910378456116
46,2002,CHL,2002,1400.0,655.0,2.1374045801526718,-0.1416045862840677,10319.94536,10319.94536,CHL,,0.4934079647064209
47,2002,CHN,2002,10.5,8.28,1.2681159420289856,-0.4907164891449858,3534.84913,3534.84913,CHN,-4.46696080428928,0.6032833456993103
48,2002,CZE,2002,56.28,34.0,1.6552941176470588,-0.33522324592487607,18252.57277,18252.57277,CZE,-6.3513616962135,0.5224952697753906
49,2002,DNK,2002,24.75,8.38,2.9534606205250595,0.18612876326307592,30640.34562,30640.34562,DNK,-0.015387113245999,0.6409457325935364
50,2002,EUZ,2002,2.67,1.123595506,2.376299999192058,-0.045662650926884485,27533.73734,27533.73734,EUZ,-2.66408072997479,0.5667532698104256
51,2002,GBR,2002,1.99,0.689655172,2.8855000017313,0.15883534206076289,29062.12387,29062.12387,GBR,-1.87132036668638,0.5930173993110657
52,2002,HUN,2002,459.0,272.0,1.6875,-0.32228915662650603,14526.38826,14526.38826,HUN,-8.79771369035393,0.5883455872535706
53,2002,IDN,2002,16000.0,9430.0,1.696712619300106,-0.3185893095180298,5190.365062,5190.365062,IDN,,0.4491589665412903
54,2002,JPN,2002,262.0,130.0,2.0153846153846153,-0.19060858819894977,28623.58845,28623.58845,JPN,,0.5696854591369629
55,2002,KOR,2002,3100.0,1304.0,2.3773006134969323,-0.04526079779239678,21396.83775,21396.83775,KOR,3.11125462620611,0.5056726932525635
56,2002,MEX,2002,21.9,9.28,2.3599137931034484,-0.052243456584960546,11187.47696,11187.47696,MEX,,0.4045115113258362
57,2002,NZL,2002,3.6,2.24,1.607142857142857,-0.3545611015490535,23306.27954,23306.27954,NZL,3.25647095375829,0.5275929570198059
58,2002,POL,2002,5.9,4.04,1.4603960396039604,-0.41349556642411234,11804.26626,11804.26626,POL,-4.81757270867038,0.6224696636199951
59,2002,RUS,2002,39.0,31.2,1.25,-0.49799196787148603,8037.474535,8037.474535,RUS,,0.5192491412162781
60,2002,SWE,2002,26.0,10.4,2.5,0.00401606425702794,30926.5056,30926.5056,SWE,-1.40909412793419,0.5375034213066101
61,2002,USA,2002,2.49,1.0,2.49,0.0,38023.16111,38023.16111,USA,-5.3031923556799,0.6296166777610779
62,2002,ZAF,2002,9.7,10.9,0.8899082568807338,-0.6426071257507093,9154.891519,9154.891519,ZAF,-2.72537204306375,0.529168426990509
63,2003,AUS,2003,3.0,1.61,1.8633540372670807,-0.31241548440329125,29807.40956,29807.40956,AUS,0.794190376363078,0.60151207447052
64,2003,BRA,2003,4.55,3.07,1.482084690553746,-0.4531052802384702,9733.773304,9733.773304,BRA,-4.75106845764603,0.5295776128768921
65,2003,CAN,2003,3.2,1.45,2.206896551724138,-0.1856470288840819,32349.94366,32349.94366,CAN,-0.126957864812588,0.6457537412643433
66,2003,CHE,2003,6.3,1.37,4.598540145985401,0.6968782826514397,38840.88188,38840.88188,CHE,-1.35540681551433,0.7020038962364197
67,2003,CHL,2003,1400.0,716.0,1.9553072625698324,-0.2784844049557814,10839.95973,10839.95973,CHL,-0.189104524142558,0.5021911263465881
68,2003,CHN,2003,9.9,8.28,1.1956521739130437,-0.5587999358254452,3937.312875,3937.312875,CHN,-4.14247862787618,0.5981279611587524
69,2003,CZE,2003,56.57,28.9,1.9574394463667821,-0.27769762126687003,19538.0704,19538.0704,CZE,-6.85802344080934,0.5237675309181213
70,2003,DNK,2003,27.75,6.78,4.092920353982301,0.5103027136466054,30820.38922,30820.38922,DNK,-0.133147614335798,0.6423335671424866
71,2003,EUZ,2003,2.71,0.909090909,2.9810000002981,0.1000000001100001,27984.21673,27984.21673,EUZ,-3.08700262083596,0.5662751589950762
72,2003,GBR,2003,1.99,0.632911392,3.1442000020122878,0.16022140295656384,30355.28338,30355.28338,GBR,-3.10253418732192,0.5876073241233826
73,2003,HUN,2003,490.0,224.0,2.1875,-0.19280442804428044,15481.32011,15481.32011,HUN,-7.18164823515817,0.6068269610404968
74,2003,IDN,2003,16100.0,8740.0,1.8421052631578947,-0.3202563604583414,5465.264103,5465.264103,IDN,,0.4540485441684723
75,2003,JPN,2003,262.0,120.0,2.183333333333333,-0.19434194341943423,29392.24899,29392.24899,JPN,,0.5628292560577393
76,2003,KOR,2003,3300.0,1220.0,2.7049180327868854,-0.0018752646542857798,22095.87083,22095.87083,KOR,-2.13302442781822,0.5120381116867065
77,2003,MEX,2003,23.0,10.53,2.184235517568851,-0.19400903410743509,11488.29563,11488.29563,MEX,-1.32252368416166,0.4009079933166504
78,2003,NZL,2003,3.95,1.78,2.2191011235955056,-0.18114349682822672,23973.63396,23973.63396,NZL,3.38437530276398,0.5294939279556274
79,2003,POL,2003,6.3,3.89,1.6195372750642671,-0.40238476934897893,12288.46287,12288.46287,POL,-6.03610686157856,0.6004700064659119
80,2003,RUS,2003,41.0,31.1,1.3183279742765273,-0.5135321128130896,9254.537201,9254.537201,RUS,,0.5082308053970337
81,2003,SWE,2003,30.0,8.34,3.597122302158273,0.327351403010433,31814.86351,31814.86351,SWE,-1.21632623168566,0.533762514591217
82,2003,USA,2003,2.71,1.0,2.71,0.0,39496.48588,39496.48588,USA,-6.41433585447499,0.6214457154273987
83,2003,ZAF,2003,13.95,7.56,1.8452380952380953,-0.3191003338604814,9483.132346,9483.132346,ZAF,-3.63797231185594,0.527124285697937
84,2004,AUS,2004,3.25,1.43,2.272727272727273,-0.21630094043887138,31407.46145,31407.46145,AUS,0.927763579276846,0.6032440066337585
85,2004,BRA,2004,5.4,3.18,1.6981132075471699,-0.4144437215354586,10445.34718,10445.34718,BRA,-2.96232736296647,0.5252270698547363
86,2004,CAN,2004,3.19,1.37,2.3284671532846715,-0.1970802919708029,33925.70673,33925.70673,CAN,0.767669538252837,0.6393342614173889
87,2004,CHE,2004,6.3,1.29,4.883720930232558,0.6840417000801924,40336.40896,40336.40896,CHE,-1.38568155881088,0.685238242149353
88,2004,CHL,2004,1400.0,641.0,2.1840873634945397,-0.24686642638119316,11810.24332,11810.24332,CHL,2.76924205546272,0.45680803060531616
89,2004,CHN,2004,10.4,8.28,1.2560386473429954,-0.5668832250541396,4425.874191,4425.874191,CHN,-0.804628380340608,0.5728844404220581
90,2004,CZE,2004,56.42,26.5,2.129056603773585,-0.2658425504229016,20932.07842,20932.07842,CZE,-2.36953865069805,0.5230435729026794
91,2004,DNK,2004,27.75,6.22,4.461414790996785,0.5384188934471672,32938.6921,32938.6921,DNK,2.0731728722497,0.6323632001876831
92,2004,EUZ,2004,2.74,0.833333333,3.2880000013152,0.13379310390179322,29079.57014,29079.57014,EUZ,-2.86147713648964,0.5616871040118369
93,2004,GBR,2004,1.88,0.558659218,3.365199999259656,0.16041379284815727,32058.41549,32058.41549,GBR,-3.04219474672946,0.5972720384597778
94,2004,HUN,2004,530.0,211.0,2.5118483412322274,-0.133845399575094,16272.00583,16272.00583,HUN,-6.58932235946504,0.6076837182044983
95,2004,IDN,2004,16100.0,9120.0,1.7653508771929824,-0.39125831820931634,5816.181753,5816.181753,IDN,,0.45093733072280884
96,2004,JPN,2004,262.0,113.0,2.3185840707964602,-0.20048825144949645,30830.65845,30830.65845,JPN,,0.5542069673538208
97,2004,KOR,2004,3200.0,1177.0,2.7187765505522514,-0.0624908446371546,23773.82865,23773.82865,KOR,-0.077968894340975,0.50962233543396
98,2004,MEX,2004,24.0,11.6,2.0689655172413794,-0.2865636147443519,12090.99121,12090.99121,MEX,-0.852532368670327,0.38083210587501526
99,2004,NZL,2004,4.35,1.64,2.652439024390244,-0.08536585365853655,25091.15698,25091.15698,NZL,3.82683635375488,0.5318002700805664
100,2004,POL,2004,6.3,3.87,1.627906976744186,-0.4386527666399358,13353.6821,13353.6821,POL,-5.00776451600112,0.5631466507911682
101,2004,RUS,2004,42.0,29.0,1.4482758620689655,-0.5005945303210464,10226.76615,10226.76615,RUS,,0.5012374520301819
102,2004,SWE,2004,30.0,7.61,3.9421813403416555,0.3593728759798813,33858.61143,33858.61143,SWE,0.202035620173034,0.5257301926612854
103,2004,USA,2004,2.9,1.0,2.9,0.0,41712.80107,41712.80107,USA,-5.77504257114317,0.6171151399612427
104,2004,ZAF,2004,12.4,6.66,1.8618618618618619,-0.3579786683234959,10058.74099,10058.74099,ZAF,-3.74090069029129,0.5240961909294128
105,2005,AUS,2005,3.25,1.3015,2.4971187091817133,-0.1839481342543421,32653.40162,32653.40162,AUS,1.59920115059954,0.5930346250534058
106,2005,BRA,2005,5.9,2.4648,2.393703343070432,-0.2177440055325386,10988.96115,10988.96115,BRA,-2.78169311458485,0.5354456901550293
107,2005,CAN,2005,3.28,1.2494,2.6252601248599325,-0.14207185462093708,36327.22865,36327.22865,CAN,1.55312009791853,0.6294353604316711
108,2005,CHE,2005,6.3,1.2475,5.050100200400801,0.6503595426146409,41749.21645,41749.21645,CHE,-0.642358304326107,0.6773232221603394
109,2005,CHL,2005,1500.0,592.45,2.531859228626888,-0.17259502332454646,12746.58969,12746.58969,CHL,5.02306771065965,0.4311443567276001
110,2005,CHN,2005,10.5,8.2764,1.2686675366101203,-0.5854027658136862,5053.945798,5053.945798,CHN,-0.04081182945234,0.5682186484336853
111,2005,CZE,2005,56.42,24.5409,2.2990191883753246,-0.2486865397466259,22095.38785,22095.38785,CZE,-3.02656956824642,0.5203590393066406
112,2005,DNK,2005,27.75,6.0647,4.57565914224941,0.4953134451795458,34150.15946,34150.15946,DNK,4.95503054106776,0.6345982551574707
113,2005,EUZ,2005,2.92,0.814929509,3.5831319982302907,0.17095816935630403,30078.3678,30078.3678,EUZ,-2.59469874549547,0.5652386765731009
114,2005,GBR,2005,1.88,0.546448087,3.4404000027179156,0.12431372637840377,32747.35401,32747.35401,GBR,-3.11347931205953,0.5948011875152588
115,2005,HUN,2005,530.0,203.643,2.6025937547570996,-0.14947916511205894,17112.20217,17112.20217,HUN,-7.77708348285355,0.6133489608764648
116,2005,IDN,2005,14600.0,9545.0,1.529596647459403,-0.5001318145557507,6254.614382,6254.614382,IDN,,0.4386868178844452
117,2005,JPN,2005,250.0,106.715,2.342688469287354,-0.2344155329126294,32169.86749,32169.86749,JPN,-4.43846152112727,0.5540456771850586
118,2005,KOR,2005,2500.0,1005.5,2.486325211337643,-0.1874754211314893,25186.86757,25186.86757,KOR,1.35182304455658,0.5183563232421875
119,2005,MEX,2005,28.0,10.8675,2.576489533011272,-0.15800995653226402,12657.63767,12657.63767,MEX,-0.721209221389657,0.3759930431842804
120,2005,NZL,2005,4.45,1.4023,3.1733580546245452,0.03704511589037418,25677.41908,25677.41908,NZL,4.47118825067357,0.5359153151512146
121,2005,POL,2005,6.5,3.3096,1.9639835629683344,-0.35817530621949856,13896.79338,13896.79338,POL,-3.93830575550463,0.5630348324775696
122,2005,RUS,2005,42.0,28.4055,1.4785868933833237,-0.5168016688289792,11822.34693,11822.34693,RUS,,0.49434229731559753
123,2005,SWE,2005,31.0,7.4402,4.166554662509072,0.3616191707545988,34244.46502,34244.46502,SWE,1.81096761097,0.5277303457260132
124,2005,USA,2005,3.06,1.0,3.06,0.0,44114.74778,44114.74778,USA,-4.44771982507819,0.6056353449821472
125,2005,ZAF,2005,13.95,6.6482,2.0983123251406393,-0.31427701792789564,10785.08331,10785.08331,ZAF,-2.30610997441519,0.5182737708091736
126,2006,AUS,2006,3.25,1.331665,2.4405537428707667,-0.21902280228135462,34369.61939,34369.61939,AUS,1.58161890918586,0.5880502462387085
127,2006,BRA,2006,6.300000000000001,2.283,2.7595269382391594,-0.11695137976346903,11642.44705,11642.44705,BRA,-4.50231402468229,0.5404710173606873
128,2006,CAN,2006,3.52,1.145425,3.0730951393587533,-0.016609555405198928,38119.4132,38119.4132,CAN,1.82760436294437,0.6342618465423584
129,2006,CHE,2006,6.3,1.243225,5.067465663898329,0.6215890124474652,46502.92827,46502.92827,CHE,0.842378309933941,0.6592808365821838
130,2006,CHL,2006,1560.0,526.35,2.963807352522086,-0.05158164719293257,15753.9601,15753.9601,CHL,7.38366980592907,0.384863942861557
131,2006,CHN,2006,10.5,8.04505,1.305150371967856,-0.5823518809702861,5836.573437,5836.573437,CHN,1.24474048537517,0.5573593378067017
132,2006,CZE,2006,60.525,22.97265,2.6346546872041317,-0.15691050009467788,23923.70388,23923.70388,CZE,-2.15014326452803,0.5145923495292664
133,2006,DNK,2006,27.75,5.997574999999999,4.626870026635766,0.48059840852344515,37334.39016,37334.39016,DNK,4.98710007232549,0.6326290965080261
134,2006,EUZ,2006,2.9247867645000003,0.804261671,3.6366109065764496,0.16371549010446396,32535.67391,32535.67391,EUZ,-1.51633530774359,0.5632805761538053
135,2006,GBR,2006,1.91,0.5493636534999999,3.4767498501791585,0.11255995205733083,34845.59177,34845.59177,GBR,-2.74506643769105,0.6001031398773193
136,2006,HUN,2006,560.0,206.65019999999998,2.709893336662631,-0.13283413226795804,18389.41028,18389.41028,HUN,-9.25691875249893,0.5931329131126404
137,2006,IDN,2006,14600.0,9392.5,1.554431727442108,-0.5025818472185255,6708.575594,6708.575594,IDN,,0.4398828446865082
138,2006,JPN,2006,250.0,113.20500000000001,2.208383021951327,-0.29331743297557533,33634.63171,33634.63171,JPN,-3.02875608544721,0.5538956522941589
139,2006,KOR,2006,2500.0,964.925,2.5908749384667202,-0.17092001969064952,26884.26733,26884.26733,KOR,1.9690503643839,0.5230861902236938
140,2006,MEX,2006,28.5,10.9228,2.6092210788442523,-0.16504925476983923,13812.9014,13812.9014,MEX,-0.970869796770489,0.3651983141899109
141,2006,NZL,2006,4.45,1.533855,2.901186878811883,-0.07162019878019743,27755.52704,27755.52704,NZL,5.02745284993372,0.5471527576446533
142,2006,POL,2006,6.5,3.107125,2.0919660457818723,-0.33057086534980085,15152.33608,15152.33608,POL,-3.53945228817941,0.5609286427497864
143,2006,RUS,2006,47.0,27.866875,1.6865902617354833,-0.46029111624464536,14912.23393,14912.23393,RUS,,0.5036163330078125
144,2006,SWE,2006,33.0,7.498225,4.401041579840562,0.40833330554897995,37730.16375,37730.16375,SWE,2.13507650397159,0.5192832350730896
145,2006,USA,2006,3.125,1.0,3.125,0.0,46298.73144,46298.73144,USA,-3.33341900953438,0.6055108904838562
146,2006,ZAF,2006,13.95,6.33865,2.20078407862873,-0.2957490948388064,11586.78459,11586.78459,ZAF,0.147874306839187,0.5136750936508179
147,2007,AUS,2007,3.45,1.2184325,2.831506874611437,-0.14585011323938557,36599.85073,36599.85073,AUS,0.65579083929179,0.5933364629745483
148,2007,BRA,2007,6.65,2.02325,3.2867910539972818,-0.008509485973670738,12549.931,12549.931,BRA,-4.66609300595095,0.541516125202179
149,2007,CAN,2007,3.755,1.11415,3.3702822779697525,0.01667640361078493,39575.30975,39575.30975,CAN,1.81965580691923,0.6394949555397034
150,2007,CHE,2007,6.3,1.2298499999999999,5.122575923893158,0.5452717719134712,51208.09883,51208.09883,CHE,1.56695943598957,0.6487579941749573
151,2007,CHL,2007,1617.5,533.45,3.0321492173587026,-0.08532451965046695,16941.82983,16941.82983,CHL,7.73915779556731,0.3841315805912018
152,2007,CHN,2007,11.0,7.689500000000001,1.430522140581312,-0.5684699425094082,6810.6039,6810.6039,CHN,3.60895233962612,0.5530818700790405
153,2007,CZE,2007,52.5,21.30895,2.4637534932504885,-0.25678627654585573,26282.37549,26282.37549,CZE,-0.644844855582269,0.5092825889587402
154,2007,DNK,2007,27.75,5.606675,4.949457566204568,0.4930490395790552,39006.20232,39006.20232,DNK,5.02045812820832,0.6492964625358582
155,2007,EUZ,2007,2.9987412215,0.7527849209999999,3.9835298739996947,0.20166813695315056,34420.17449,34420.17449,EUZ,-0.645189584144117,0.5602610848451915
156,2007,GBR,2007,1.9649999999999999,0.5013225465,3.9196322082832955,0.18239282301155213,35695.29849,35695.29849,GBR,-2.63309435931129,0.6035581827163696
157,2007,HUN,2007,595.0,187.31715,3.1764309888336437,-0.04180060668668373,19099.85171,19099.85171,HUN,-5.08152462438151,0.5973290801048279
158,2007,IDN,2007,15900.0,9052.5,1.7564208782104391,-0.47015961441615717,7229.538282,7229.538282,IDN,,0.4466852843761444
159,2007,JPN,2007,280.0,121.94999999999999,2.2960229602296027,-0.3073837224043432,35015.98657,35015.98657,JPN,-2.90102556789893,0.550385594367981
160,2007,KOR,2007,2900.0,931.325,3.113843180415,-0.06068079022171957,29064.91808,29064.91808,KOR,3.95731623491433,0.5193971991539001
161,2007,MEX,2007,29.0,10.828475000000001,2.6781241125827964,-0.19211942305194685,14297.22139,14297.22139,MEX,-0.710615641515271,0.36237484216690063
162,2007,NZL,2007,4.6,1.3538299999999999,3.3977678142750567,0.024967666447980763,29369.80819,29369.80819,NZL,4.14270408682563,0.5564111471176147
163,2007,POL,2007,6.9,2.8618,2.411069955971766,-0.2726787463131928,16802.83391,16802.83391,POL,-1.88251363359236,0.5640355944633484
164,2007,RUS,2007,50.5,26.090875,1.9355425987054862,-0.41612591290935563,16648.24164,16648.24164,RUS,,0.5190645456314087
165,2007,SWE,2007,32.5,6.916449999999999,4.69894237650818,0.4174788466088022,40905.14587,40905.14587,SWE,3.33119696603718,0.5284140706062317
166,2007,USA,2007,3.3150000000000004,1.0,3.3150000000000004,0.0,47975.9677,47975.9677,USA,-3.97930342122564,0.6040037274360657
167,2007,ZAF,2007,15.5,7.040375,2.2015872734051807,-0.3358711090783769,12374.97015,12374.97015,ZAF,0.833324642498561,0.5128187537193298
168,2008,AUS,2008,3.45,1.026,3.3625730994152048,-0.0581027732730518,37499.52513,37499.52513,AUS,-3.84071630537229,0.5691140294075012
169,2008,BRA,2008,7.5,1.5846,4.73305566073457,0.3257858993654259,13312.76676,13312.76676,BRA,-2.74030211725691,0.5496699213981628
170,2008,CAN,2008,4.09,1.00355,4.07553186189029,0.1416055635547031,40376.30688,40376.30688,CAN,0.184485477426328,0.6311977505683899
171,2008,CHE,2008,6.5,1.02215,6.359144939588123,0.7812730923216034,54096.80786,54096.80786,CHE,1.92330868877306,0.6545534133911133
172,2008,CHL,2008,1550.0,494.65,3.13352875770747,-0.12226085218278138,16501.80988,16501.80988,CHL,4.66751101735819,0.4309290647506714
173,2008,CHN,2008,12.5,6.834,1.8290898448931812,-0.4876499033912658,7574.224455,7574.224455,CHN,1.47446608963785,0.5520761609077454
174,2008,CZE,2008,66.08,14.49795,4.557885770057146,0.2767187030972398,27974.48713,27974.48713,CZE,-1.96420355886674,0.5174509882926941
175,2008,DNK,2008,28.0,4.7044,5.9518748405747814,0.6671918320937764,41278.32683,41278.32683,DNK,3.17390813019585,0.6493507027626038
176,2008,EUZ,2008,3.36856,0.630497147,5.342704588003472,0.4965559070037737,35715.11289,35715.11289,EUZ,-2.16243346476277,0.5722699416311163
177,2008,GBR,2008,2.29,0.501039657,4.5704965026351205,0.28025112118630835,36863.58476,36863.58476,GBR,-5.09522427493445,0.5951507687568665
178,2008,HUN,2008,670.0,144.2578,4.644462899059877,0.3009699997366604,20727.88997,20727.88997,HUN,-3.78141460097503,0.5953724980354309
179,2008,IDN,2008,18700.0,9152.0,2.043269230769231,-0.4276556776556776,7710.666304,7710.666304,IDN,,0.4542015492916107
180,2008,JPN,2008,280.0,106.855,2.6203734032099573,-0.2660018478403481,35273.79115,35273.79115,JPN,-4.10962900877149,0.5647484064102173
181,2008,KOR,2008,3200.0,1018.05,3.1432640832964984,-0.11953387022507045,29946.07749,29946.07749,KOR,2.13128126309059,0.5169674158096313
182,2008,MEX,2008,32.0,10.1685,3.1469734965825835,-0.11849481888443036,14924.82161,14924.82161,MEX,-0.934756000041571,0.35892659425735474
183,2008,NZL,2008,4.9,1.3177,3.7186005919405023,0.04162481566960863,29827.14255,29827.14255,NZL,0.312841198272494,0.5625834465026855
184,2008,POL,2008,7.0,2.03145,3.4458145659504296,-0.03478583586822692,18303.35292,18303.35292,POL,-3.60610188002063,0.5858741402626038
185,2008,RUS,2008,59.0,23.2336,2.5394256593898494,-0.2886762858851962,20163.60942,20163.60942,RUS,,0.5285962820053101
186,2008,SWE,2008,38.0,5.96085,6.374929749951769,0.7856946078296272,42158.2957,42158.2957,SWE,1.9209595537025,0.5374698042869568
187,2008,USA,2008,3.57,1.0,3.57,0.0,48382.55845,48382.55845,USA,-7.34253610494126,0.6040886044502258
188,2008,ZAF,2008,16.95,7.56325,2.2411000561927743,-0.37224088061827043,12845.72618,12845.72618,ZAF,-1.73786007379289,0.5155150294303894
189,2009,AUS,2009,4.34,1.2869,3.3724454114538815,-0.05533741976081741,40281.79967,40281.79967,AUS,-5.64459058469918,0.5771031379699707
190,2009,BRA,2009,8.03,1.9971,4.020830203795503,0.12628297025084123,13269.12211,13269.12211,BRA,-4.47642485066388,0.5624669790267944
191,2009,CAN,2009,3.89,1.16085,3.3509928069948747,-0.0613465526625,38865.41346,38865.41346,CAN,-3.88135176862462,0.6725448369979858
192,2009,CHE,2009,6.5,1.08605,5.984991482896736,0.676468202492083,53354.00464,53354.00464,CHE,0.494047129085824,0.6806128025054932
193,2009,CHL,2009,1750.0,548.55,3.19022878497858,-0.10637849160263857,16159.60715,16159.60715,CHL,-4.04397595174881,0.4396144151687622
194,2009,CHN,2009,12.5,6.8327,1.8294378503373483,-0.48755242287469236,8307.849519,8307.849519,CHN,1.13923709470136,0.552654504776001
195,2009,CZE,2009,67.92,18.66155,3.6395690604478195,0.019487131778100686,27761.50915,27761.50915,CZE,-5.41134758947177,0.5205227732658386
196,2009,DNK,2009,29.5,5.3375,5.526932084309133,0.5481602477056398,40331.40688,40331.40688,DNK,-2.79814242201751,0.6717942357063293
197,2009,EUZ,2009,3.31,0.716897269,4.6171189975616995,0.2933106435747057,34793.32125,34793.32125,EUZ,-6.23697503286408,0.5880205819481298
198,2009,GBR,2009,2.29,0.620886626,3.688274000606352,0.033129972158641996,35212.42048,35212.42048,GBR,-9.98593557336621,0.6001129150390625
199,2009,HUN,2009,720.0,199.1577,3.615225522287112,0.012668213525801608,20729.78393,20729.78393,HUN,-4.74814130303511,0.5913692116737366
200,2009,IDN,2009,20900.0,10200.0,2.049019607843137,-0.42604492777503156,8021.748065,8021.748065,IDN,,0.4662141501903534
201,2009,JPN,2009,320.0,92.565,3.4570301949981097,-0.03164420308176197,33547.28342,33547.28342,JPN,-9.69302442485772,0.5740921497344971
202,2009,KOR,2009,3400.0,1314.5,2.586534804108026,-0.2754804470285641,29508.38151,29508.38151,KOR,-1.27621266461122,0.5113298296928406
203,2009,MEX,2009,33.0,13.8104,2.389503562532584,-0.3306712709992762,14547.64458,14547.64458,MEX,-3.08037947252433,0.3942110240459442
204,2009,NZL,2009,4.9,1.59235,3.0772129242942823,-0.13803559543577526,30681.24454,30681.24454,NZL,-2.96056220600496,0.5630601048469543
205,2009,POL,2009,7.6,3.15525,2.4086839394659694,-0.3252986163960869,19239.92847,19239.92847,POL,-7.25205444507206,0.5601898431777954
206,2009,RUS,2009,67.0,32.7959,2.042938294116033,-0.42774837699831014,19389.94118,19389.94118,RUS,,0.5688903331756592
207,2009,SWE,2009,39.0,7.90915,4.93099764197164,0.3812318324850532,40279.4616,40279.4616,SWE,-0.836294624004128,0.5491797924041748
208,2009,USA,2009,3.57,1.0,3.57,0.0,47099.98047,47099.98047,USA,-13.0999306744471,0.59113609790802
209,2009,ZAF,2009,17.95,8.2805,2.1677434937503772,-0.3927889373248242,12568.4536,12568.4536,ZAF,-3.85420450879439,0.5224776268005371
210,2010,AUS,2010,4.35,1.113636289,3.9061227107695298,0.06821951985803998,39336.66348,39336.66348,AUS,-4.56111793655115,0.5749547481536865
211,2010,BRA,2010,8.455,1.749125,4.833845494175659,0.3219267532532306,14299.55514,14299.55514,BRA,-2.95999816770964,0.5524567365646362
212,2010,CAN,2010,4.145,1.0395750000000001,3.987206310271023,0.09039370386128232,40099.44824,40099.44824,CAN,-4.73755858174554,0.6509516835212708
213,2010,CHE,2010,6.5,1.041,6.243996157540827,0.7075650386031234,54858.44808,54858.44808,CHE,0.35122697439522,0.6628134846687317
214,2010,CHL,2010,1675.0,513.375,3.2627221816411005,-0.10773322284690656,18161.80924,18161.80924,CHL,-0.169286702478715,0.4396144151687622
215,2010,CHN,2010,12.85,6.80205,1.8891363633022396,-0.4833720063659952,9253.765188,9253.765188,CHN,2.2360497093924,0.5482550859451294
216,2010,CZE,2010,67.64,18.978825,3.5639719529528304,-0.025349511454346718,27881.968,27881.968,CZE,-4.15200094167854,0.5228997468948364
217,2010,DNK,2010,29.72,5.4878,5.415649258354896,0.4810344371745856,43003.05459,43003.05459,DNK,-2.71027147514494,0.641318678855896
218,2010,EUZ,2010,3.3700155355,0.736901274,4.573225280514306,0.2506541332878982,35773.73141,35773.73141,EUZ,-6.27620146751721,0.5720910194673037
219,2010,GBR,2010,2.29,0.6405641255,3.5749738532617843,-0.02234078757755853,36576.58654,36576.58654,GBR,-9.19541370615837,0.5992808938026428
220,2010,HUN,2010,730.0,204.309975,3.573002248177065,-0.022879968548791707,21751.83384,21751.83384,HUN,-4.42504485903087,0.5720603466033936
221,2010,IDN,2010,21840.0,9191.5,2.3761083609856932,-0.3501982604118523,8505.748148,8505.748148,IDN,-0.339626135746115,0.4658448100090027
222,2010,JPN,2010,320.0,89.36000000000001,3.581020590868397,-0.02068716744805399,35335.37351,35335.37351,JPN,-9.07583042450843,0.5610999464988708
223,2010,KOR,2010,3400.0,1172.475,2.899848610844581,-0.20696938624154437,31736.62844,31736.62844,KOR,0.882973015803889,0.49587032198905945
224,2010,MEX,2010,32.0,12.797875000000001,2.50041510797691,-0.31620370790586805,15255.01905,15255.01905,MEX,-2.97155291159784,0.3807435631752014
225,2010,NZL,2010,4.95,1.3748038299999998,3.600513682013819,-0.01535633121843405,31222.45448,31222.45448,NZL,-7.05266988620157,0.5688426494598389
226,2010,POL,2010,8.2,3.016275,2.71858500965595,-0.2565401067147147,21072.52658,21072.52658,POL,-7.40086699049794,0.5634928345680237
227,2010,RUS,2010,70.5,30.185125,2.33558747893209,-0.36127963198581314,20490.12672,20490.12672,RUS,,0.5370755195617676
228,2010,SWE,2010,43.7,7.227824999999999,6.046078868816,0.6534399824316062,42223.91967,42223.91967,SWE,-0.090077711964553,0.5320724844932556
229,2010,USA,2010,3.6566666665,1.0,3.6566666665,0.0,48466.6576,48466.6576,USA,-12.3800089972935,0.5879995822906494
230,2010,ZAF,2010,18.2,7.4205000000000005,2.452664914763156,-0.32926210167503767,12912.12503,12912.12503,ZAF,-3.27877971325556,0.5282972455024719
231,2011,AUS,2011,4.56,0.922381589,4.943724001412174,0.216168266030055,42003.15806,42003.15806,AUS,-4.61486967630437,0.5754212737083435
232,2011,BRA,2011,9.5,1.5416,6.162428645563051,0.5159726065345758,15040.06109,15040.06109,BRA,-2.53894655448268,0.5570166707038879
233,2011,CAN,2011,4.73,0.94585,5.000792937569383,0.23020736471571523,41666.70763,41666.70763,CAN,-3.30873255346625,0.6395891904830933
234,2011,CHE,2011,6.5,0.80615,8.063015567822365,0.9835216649009506,57987.50203,57987.50203,CHE,0.677588573279933,0.6725530624389648
235,2011,CHL,2011,1850.0,462.75,3.997839005942734,-0.01652176975578512,20342.56148,20342.56148,CHL,1.28514863105417,0.4396144151687622
236,2011,CHN,2011,14.65,6.445,2.2730799069045773,-0.44081675106898477,10292.94048,10292.94048,CHN,1.53128701426937,0.5499829053878784
237,2011,CZE,2011,69.32,17.0219,4.07240084831893,0.001820626892725663,29001.36804,29001.36804,CZE,-2.70035149839144,0.5236197113990784
238,2011,DNK,2011,28.5,5.19845,5.482403408708365,0.34868472538951156,44403.38484,44403.38484,DNK,-2.05576661478475,0.6371835470199585
239,2011,EUZ,2011,3.437660401,0.697520315,4.928401835866243,0.2123989756128517,37425.37192,37425.37192,EUZ,-4.24758810495127,0.5650959830535086
240,2011,GBR,2011,2.39,0.614137444,3.8916369997462654,-0.042647724539664145,37379.29097,37379.29097,GBR,-7.43589881815552,0.5968909859657288
241,2011,HUN,2011,760.0,188.0724,4.040996977759629,-0.005904802519156593,23038.80802,23038.80802,HUN,-5.20927605732607,0.5717163681983948
242,2011,IDN,2011,22534.0,8523.0,2.643904728382025,-0.34959293274734937,9095.741723,9095.741723,IDN,-1.03515878875231,0.4591916799545288
243,2011,JPN,2011,320.0,78.365,4.083455624322083,0.004540128984522163,36214.43977,36214.43977,JPN,-8.98552595050466,0.5734527111053467
244,2011,KOR,2011,3700.0,1056.2,3.503124408256012,-0.13822277779679915,32546.75365,32546.75365,KOR,0.983334595689424,0.5037407875061035
245,2011,MEX,2011,32.0,11.67075,2.7418974787395842,-0.3254864750948133,16520.25922,16520.25922,MEX,-5.29719477091961,0.3678421080112457
246,2011,NZL,2011,5.1,1.156069364,4.41150000061761,0.0852398525504574,32701.3786,32701.3786,NZL,-4.26770097406408,0.5647602677345276
247,2011,POL,2011,8.63,2.7968,3.0856693363844396,-0.24091775242695224,22827.69814,22827.69814,POL,-4.96725445311966,0.5551812648773193
248,2011,RUS,2011,75.0,27.7525,2.7024592379064947,-0.335188379358796,22798.67443,22798.67443,RUS,2.95333242900712,0.5470338463783264
249,2011,SWE,2011,48.4,6.3352,7.639853516858189,0.8794227593747079,44608.58026,44608.58026,SWE,-0.337615899546796,0.5370020866394043
250,2011,USA,2011,4.065,1.0,4.065,0.0,49882.55813,49882.55813,USA,-10.9559947540121,0.5926562547683716
251,2011,ZAF,2011,19.45,6.76885,2.8734570865065705,-0.2931224879442632,13393.76689,13393.76689,ZAF,-2.47502372796199,0.5326507091522217
252,2012,AUS,2012,4.68,0.9733317545,4.808226977454479,0.12806684030782933,42836.67186,42836.67186,AUS,-2.84701006343177,0.5824652910232544
253,2012,BRA,2012,10.165,1.923575,5.284431332284938,0.2397900065421359,15046.29018,15046.29018,BRA,-2.317914080868,0.5658205151557922
254,2012,CAN,2012,4.925000000000001,1.0202,4.827484806900609,0.13258495455583508,42290.96541,42290.96541,CAN,-2.52451700716013,0.6505615711212158
255,2012,CHE,2012,6.5,0.97285,6.681400010279077,0.5675353584115557,59933.59868,59933.59868,CHE,0.233298220141595,0.6809622049331665
256,2012,CHL,2012,2050.0,499.55,4.1036933239915925,-0.03722507625081106,21507.69257,21507.69257,CHL,0.542586918313817,0.4396144151687622
257,2012,CHN,2012,15.525,6.352,2.444112090680101,-0.4265824353925757,11168.6973,11168.6973,CHN,1.31464630324186,0.5603400468826294
258,2012,CZE,2012,70.275,20.706674999999997,3.393833148006622,-0.20376665790627202,29254.73127,29254.73127,CZE,-3.8971002555203,0.532808780670166
259,2012,DNK,2012,30.0,5.998475,5.001271156418923,0.17335728479502532,44803.96824,44803.96824,DNK,-3.49044439711785,0.6298593878746033
260,2012,EUZ,2012,3.5379693055,0.806541889,4.386590893483029,0.029146034939101728,37799.03875,37799.03875,EUZ,-3.80766210657024,0.564324460531536
261,2012,GBR,2012,2.59,0.64875993,3.99223176437546,-0.0633752746423435,38514.02617,38514.02617,GBR,-8.0866526660683,0.5912898182868958
262,2012,HUN,2012,737.5,241.954675,3.048091548551397,-0.2848817207951938,23275.23186,23275.23186,HUN,-2.32358584062217,0.5890500545501709
263,2012,IDN,2012,23367.0,9321.25,2.5068526216977336,-0.41186276576879144,9713.900487,9713.900487,IDN,-1.34336536263517,0.4593733251094818
264,2012,JPN,2012,320.0,77.57,4.125306175067681,-0.03215444611255691,37605.97426,37605.97426,JPN,-8.1964782635366,0.5698697566986084
265,2012,KOR,2012,3700.0,1154.875,3.2038099361402748,-0.24834834783071458,33557.12872,33557.12872,KOR,1.0179351402954,0.5085257291793823
266,2012,MEX,2012,37.0,13.6857,2.7035518826220066,-0.36571479588256106,17162.92737,17162.92737,MEX,-4.72690618652223,0.36176416277885437
267,2012,NZL,2012,5.1,1.2667810679999998,4.025952178186484,-0.05546406728045372,32988.60976,32988.60976,NZL,-2.34822910583984,0.5631881356239319
268,2012,POL,2012,9.1,3.4904,2.607151042860417,-0.3883315715095822,23745.6978,23745.6978,POL,-3.79077293799224,0.5569058656692505
269,2012,RUS,2012,78.0,32.267275,2.417309797620035,-0.4328705699143115,24303.47341,24303.47341,RUS,1.75376671374955,0.5509600043296814
270,2012,SWE,2012,40.486509935,6.95575,5.82058152391906,0.36557717412866597,45432.43197,45432.43197,SWE,-1.11343955228386,0.5544601082801819
271,2012,USA,2012,4.262359999999999,1.0,4.262359999999999,0.0,51602.93105,51602.93105,USA,-9.18706771330327,0.595092236995697
272,2012,ZAF,2012,19.95,8.29935,2.403802707440944,-0.4360394928065804,13215.70868,13215.70868,ZAF,-3.59616464424154,0.5370960831642151
273,2013,AUS,2013,4.8675,1.024476739,4.751205971500344,0.06480786558819918,45906.44004,45906.44004,AUS,-2.78301689090071,0.5820971727371216
274,2013,BRA,2013,11.625,2.1319999999999997,5.452626641651033,0.2220054804974827,15588.72613,15588.72613,BRA,-3.30893861695669,0.5703140497207642
275,2013,CAN,2013,5.470000000000001,1.027075,5.325803860477571,0.19358282407313276,44298.57873,44298.57873,CAN,-1.49475856710511,0.6496884822845459
276,2013,CHE,2013,6.5,0.9398500000000001,6.915997233601106,0.5499661132138209,62225.08727,62225.08727,CHE,-0.428613530822639,0.684298038482666
277,2013,CHL,2013,2025.0,489.9525,4.133053714390681,-0.07372820071784991,22439.27325,22439.27325,CHL,-0.534483780175692,0.4396144151687622
278,2013,CHN,2013,16.0,6.17725,2.5901493382977865,-0.41951340248955304,11872.49738,11872.49738,CHN,0.648948562069282,0.5711438059806824
279,2013,CZE,2013,70.39,19.538875,3.602561559966989,-0.1926184829012596,30818.10816,30818.10816,CZE,-1.28388671363478,0.5305154919624329
280,2013,DNK,2013,28.5,5.649275,5.044895141411951,0.1306274785529462,46726.85414,46726.85414,DNK,-1.2356471875801,0.6283210515975952
281,2013,EUZ,2013,3.6093600305000004,0.757351501,4.765765996019331,0.0680709589425963,38986.0722,38986.0722,EUZ,-3.07388804382226,0.5605353383641494
282,2013,GBR,2013,2.69,0.651177231,4.130979819225282,-0.07419298795245277,40218.74726,40218.74726,GBR,-5.46779280095697,0.595529317855835
283,2013,HUN,2013,845.0,222.96567499999998,3.7898210116871134,-0.15065117222405977,24556.71535,24556.71535,HUN,-2.59655900859683,0.574850857257843
284,2013,IDN,2013,27939.0,9866.25,2.8317749904979097,-0.36536190989296413,10067.46574,10067.46574,IDN,-2.07406422327615,0.46118760108947754
285,2013,JPN,2013,320.0,95.58500000000001,3.3478056180363023,-0.24971264644632363,39402.0251,39402.0251,JPN,-7.61141229241719,0.5629879236221313
286,2013,KOR,2013,3800.0,1110.5875,3.4216124348599273,-0.2331715662323236,34244.31214,34244.31214,KOR,1.28341250454502,0.5114167332649231
287,2013,MEX,2013,37.0,12.839775,2.881670434256052,-0.35417968346679507,17373.89746,17373.89746,MEX,-4.54687794920237,0.3761442005634308
288,2013,NZL,2013,5.35,1.2408869405,4.311432271053061,-0.03375121564801664,36242.62123,36242.62123,NZL,-0.724414928348053,0.5640583038330078
289,2013,POL,2013,9.149999999999999,3.22875,2.8339140534262484,-0.36488251770396085,24567.50617,24567.50617,POL,-4.22511604859102,0.5565075278282166
290,2013,RUS,2013,79.94,31.49195,2.538426486768841,-0.4311051750771936,26073.87453,26073.87453,RUS,-0.567405880547197,0.57178795337677
291,2013,SWE,2013,41.084650690000004,6.55375,6.268876702651155,0.4049378750207442,46312.39238,46312.39238,SWE,-1.46261606086425,0.5586293339729309
292,2013,USA,2013,4.46203125,1.0,4.46203125,0.0,53106.53677,53106.53677,USA,-5.80240715598156,0.5930569767951965
293,2013,ZAF,2013,21.7,9.547125000000001,2.2729355696086513,-0.4906051880276161,13606.9429,13606.9429,ZAF,-3.5633228851816,0.5437981486320496
294,2014,AUS,2014,5.074999999999999,1.0941187165,4.638436326392923,-0.01510685809527923,46880.89518,46880.89518,AUS,-2.23729937093667,0.5960260033607483
295,2014,BRA,2014,12.7,2.2916499999999997,5.5418584862435365,0.17671948743818477,15718.56495,15718.56495,BRA,-5.87713725998464,0.5681036114692688
296,2014,CAN,2014,5.59,1.089575,5.130440768189431,0.08936192543739652,45753.75055,45753.75055,CAN,0.174896160104426,0.6418065428733826
297,2014,CHE,2014,6.33,0.9062250000000001,6.985020276421418,0.4831503727168136,64103.01045,64103.01045,CHE,-0.244464252811588,0.682918131351471
298,2014,CHL,2014,2050.0,553.0450000000001,3.7067508068963644,-0.21293444782478554,22786.64277,22786.64277,CHL,-1.52571929497611,0.4396144151687622
299,2014,CHN,2014,16.75,6.1248000000000005,2.7347831765935213,-0.41931525934776803,12480.33853,12480.33853,CHN,0.603405530864029,0.578006386756897
300,2014,CZE,2014,70.45,20.335749999999997,3.464342352753157,-0.2644057642826382,32502.47535,32502.47535,CZE,-2.07549140933957,0.516910195350647
301,2014,DNK,2014,28.5,5.5201,5.162949946558939,0.09626469709837648,47901.44736,47901.44736,DNK,1.14442765256798,0.6206474900245667
302,2014,EUZ,2014,3.668600507,0.7399836945,4.957677492446423,0.052678579266596914,39949.71223,39949.71223,EUZ,-2.48858880703424,0.5587810826928992
303,2014,GBR,2014,2.84,0.594897302,4.773933232596842,0.013663607699456515,41580.60249,41580.60249,GBR,-5.49728648165777,0.5849596261978149
304,2014,HUN,2014,860.0,225.70159999999998,3.810340733074112,-0.19093888710481766,25699.7505,25699.7505,HUN,-2.77395224110578,0.5627790093421936
305,2014,IDN,2014,27939.0,11822.5,2.363205751744555,-0.4982134120157288,10278.17731,10278.17731,IDN,-1.8583922108027,0.46375057101249695
306,2014,JPN,2014,340.0,102.8875,3.30458024541368,-0.29832853324673414,39555.41201,39555.41201,JPN,-5.61611068385212,0.5649161338806152
307,2014,KOR,2014,3900.0,1045.525,3.730183400683867,-0.2079589346788937,35324.49767,35324.49767,KOR,1.21232002300297,0.5181786417961121
308,2014,MEX,2014,39.5,13.132650000000002,3.007770708882061,-0.3613509952170674,18056.78981,18056.78981,MEX,-4.22302456040569,0.3741915225982666
309,2014,NZL,2014,5.6,1.1778726355,4.754334069084501,0.009502058338406005,37293.35679,37293.35679,NZL,0.245720525816953,0.5480015277862549
310,2014,POL,2014,9.2,3.0699,2.996840287957262,-0.36367188438088127,25475.50469,25475.50469,POL,-3.64576705601305,0.5554094910621643
311,2014,RUS,2014,89.0,34.38825,2.588093316757904,-0.45046235866591566,25761.64802,25761.64802,RUS,-2.24738838263604,0.5856031179428101
312,2014,SWE,2014,40.7,6.654575,6.116093063794457,0.29864844312016636,47184.66913,47184.66913,SWE,-1.52457090762461,0.5543705224990845
313,2014,USA,2014,4.7095833334999995,1.0,4.7095833334999995,0.0,55049.98833,55049.98833,USA,-5.18710224847609,0.5942705869674683
314,2014,ZAF,2014,24.0,10.696075,2.243813735412289,-0.5235642780855596,13602.10264,13602.10264,ZAF,-3.83672083394527,0.5523406267166138
315,2015,AUS,2015,5.3,1.2892398919999999,4.11094943065879,-0.14176421071841538,46248.61646,46248.61646,AUS,-2.22284019728016,0.6040282845497131
316,2015,BRA,2015,13.5,2.8725500000000004,4.699657099093139,-0.018860730878259013,14744.11363,14744.11363,BRA,-7.75095913180372,0.58119797706604
317,2015,CAN,2015,5.775,1.259125,4.586518415566365,-0.042480497794078254,44670.08054,44670.08054,CAN,-0.061845591002195,0.6702593564987183
318,2015,CHE,2015,6.5,0.907225,7.16470555815812,0.495763164542405,66020.20434,66020.20434,CHE,0.539275975996689,0.68867427110672
319,2015,CHL,2015,2100.0,634.9675,3.3072558831751233,-0.30954992000519344,22698.54566,22698.54566,CHL,-2.05906687938438,0.4396144151687622
320,2015,CHN,2015,17.1,6.21035,2.7534680009983337,-0.4251632565765483,12897.50229,12897.50229,CHN,-0.609837070967581,0.5831686854362488
321,2015,CZE,2015,70.225,24.417749999999998,2.8759816117373633,-0.3995863023512811,33899.28657,33899.28657,CZE,-0.64381765122764,0.51255863904953
322,2015,DNK,2015,34.545,6.614224999999999,5.222834118887701,0.09036202899534462,49045.33919,49045.33919,DNK,-1.32962984181145,0.6191054582595825
323,2015,EUZ,2015,3.6900000000000004,0.887886814,4.155935128010585,-0.1323726246324458,41038.03385,41038.03385,EUZ,-1.99718751548887,0.552221019017069
324,2015,GBR,2015,2.89,0.65102266,4.439169598182651,-0.07324225507669091,42912.87509,42912.87509,GBR,-4.50741314129925,0.5850751996040344
325,2015,HUN,2015,880.0,277.135625,3.1753405936172947,-0.337089646426452,26806.59525,26806.59525,HUN,-2.0034189543922,0.5508677363395691
326,2015,IDN,2015,29219.5,12912.25,2.2629286143003737,-0.5275723143423019,10247.20634,10247.20634,IDN,-2.55379820370968,0.46375057101249695
327,2015,JPN,2015,370.0,120.85,3.061646669424907,-0.36082532997392336,40898.80697,40898.80697,JPN,-3.67784610700882,0.5557188391685486
328,2015,KOR,2015,4200.0,1113.4,3.772229207831866,-0.21247824471151022,37902.4004,37902.4004,KOR,1.18041370299183,0.5215386152267456
329,2015,MEX,2015,49.0,15.183625,3.2271608393911206,-0.3262712235091606,18301.50047,18301.50047,MEX,-5.16765515728037,0.377999871969223
330,2015,NZL,2015,5.9,1.4111880735,4.18087433616622,-0.1271661093598705,37479.68298,37479.68298,NZL,0.036954648703689,0.5469995737075806
331,2015,POL,2015,9.399999999999999,3.7401,2.5133017833747755,-0.4753023416754122,26862.05252,26862.05252,POL,-2.59622944047899,0.5458492040634155
332,2015,RUS,2015,98.0,61.021,1.6060044902574524,-0.6647172254159808,24085.32418,24085.32418,RUS,-1.39208756736032,0.5759852528572083
333,2015,SWE,2015,42.2,8.357050000000001,5.049628756558834,0.054202245628149015,49103.13343,49103.13343,SWE,0.012299112539227,0.54151451587677
334,2015,USA,2015,4.79,1.0,4.79,0.0,56863.3715,56863.3715,USA,-4.5985107785484,0.5956462621688843
335,2015,ZAF,2015,25.75,11.94665,2.1554159534262745,-0.5500175462575627,13701.94539,13701.94539,ZAF,-3.68101587041306,0.5616903305053711
336,2016,AUS,2016,5.525,1.3757332035,4.01604030922846,-0.19437506334434096,47255.30701,47255.30701,AUS,-1.58186656844656,0.5838769674301147
337,2016,BRA,2016,14.5,3.6331249999999997,3.991054532943403,-0.19938725517684985,14256.16339,14256.16339,BRA,-7.15204245175878,0.5801931023597717
338,2016,CAN,2016,5.92,1.3561,4.3654597743529235,-0.12428088779279356,46472.34025,46472.34025,CAN,-0.453312334765877,0.6611776351928711
339,2016,CHE,2016,6.5,0.99745,6.516617374304476,0.30724521049237263,68105.15498,68105.15498,CHE,0.235573891427647,0.6883931756019592
340,2016,CHL,2016,2200.0,683.1675,3.220293705423633,-0.3540032687214376,23437.59253,23437.59253,CHL,-2.64559660277104,0.4396144151687622
341,2016,CHN,2016,18.1,6.6181,2.734923920762757,-0.45136932381890527,13483.37727,13483.37727,CHN,-1.07481968866087,0.5862529277801514
342,2016,CZE,2016,75.0,24.845375,3.018670476899624,-0.39444925237720674,36097.70526,36097.70526,CZE,0.711776192532093,0.522975742816925
343,2016,DNK,2016,30.0,6.848825,4.380313411424588,-0.12130122137921995,51976.00571,51976.00571,DNK,-0.105986872094072,0.6184792518615723
344,2016,EUZ,2016,3.77,0.9192695104999999,4.1010823887213,-0.17731546866172498,43533.23627,43533.23627,EUZ,-1.47648923569872,0.5558230578899384
345,2016,GBR,2016,2.9400000000000004,0.7216867345,4.073789719907898,-0.18279042730032125,44635.29956,44635.29956,GBR,-3.30322050858905,0.5862053036689758
346,2016,HUN,2016,900.0,289.159375,3.112470415320271,-0.37563281538209203,27947.63769,27947.63769,HUN,-1.79647814194628,0.5635905861854553
347,2016,IDN,2016,30750.0,13530.0,2.272727272727273,-0.5440868058721618,10494.4738,10494.4738,IDN,-2.3758397871716,0.46375057101249695
348,2016,JPN,2016,370.0,112.685,3.2834893730310157,-0.34132610370491157,40623.01866,40623.01866,JPN,-3.5995727863274,0.5654537677764893
349,2016,KOR,2016,4350.0,1169.35,3.7200153931671442,-0.2537581959544344,39575.45428,39575.45428,KOR,2.20918834297001,0.5199909806251526
350,2016,MEX,2016,46.5,17.985875,2.585362124444877,-0.4813716901815692,19323.66587,19323.66587,MEX,-2.88241470679049,0.36845627427101135
351,2016,NZL,2016,5.95,1.464715626,4.062221972908754,-0.185110938232948,39955.80303,39955.80303,NZL,1.05486026888241,0.5547559857368469
352,2016,POL,2016,9.6,4.0066749999999995,2.3960016722095006,-0.519357738774423,28322.10698,28322.10698,POL,-2.38584975371441,0.5648828744888306
353,2016,RUS,2016,122.0,69.031275,1.7673148873463516,-0.6454734428593076,24128.08641,24128.08641,RUS,-2.4535277564284,0.5780907869338989
354,2016,SWE,2016,44.97,8.59835,5.230073211720853,0.049162128730361854,50430.25282,50430.25282,SWE,1.03478322122767,0.5499001741409302
355,2016,USA,2016,4.984999999999999,1.0,4.984999999999999,0.0,58021.4005,58021.4005,USA,-5.40322841710552,0.5937725305557251
356,2016,ZAF,2016,29.0,15.04375,1.927710843373494,-0.6132977244987976,13748.46142,13748.46142,ZAF,-3.36482965981968,0.5683430433273315
